http://www.uwindsor.ca/graduate-studies/ Faculty of Graduate Studies Skip to main content University of Windsor Search Enter the terms you wish to search for. Search Support UWindsor CLOSE QUICK LINKS Current Students Blackboard UWinsite Student Faculty + Staff UWinsite Finance Alumni + Donors Industry + Community Partners Faculty of Graduate Studies About Us Future Students Current Students Faculty & Staff Funding Graduate Calendar About Overview Office of the President Virtual Tour Visitor Information Campus Maps Parking Place of Promise VIEW Magazine Academics Programs Undergraduate Programs Graduate Programs International Programs Co-operative Education Continuing Education Support Office of the Registrar Student Awards Office of the Provost Faculties Arts, Humanities, and Social Sciences Law Education Nursing Engineering Business Graduate Studies Human Kinetics Science Research Overview Vice-President, Research & Innovation Research & Innovation Services Research Appointments Research Ethics Research Safety Animal Care Research Finance Leddy Library UWill Discover! EPICentre Student Life Overview UWindsor Events SoCA Concerts & Events Lancers Varsity Sports University Players Athletics + Recreation Services Student Accessibility Services Residence Food Services Student Support Back to Top FUTURE STUDENTS ask.UWindsor MENU ask.UWindsor FUTURE STUDENTS Faculty of Graduate Studies About Us Future Students Current Students Faculty & Staff Funding Graduate Calendar Competitive Awards, Scholarships, and more MORE More than a Degree; UWindsor Graduate Students Raise the Bar MORE Your Future Starts Here, choose from over 70 Multidisciplinary Programs MORE IMPORTANT DATES MORE IMPORTANT DATES Nov 28 Last day to send a PhD dissertation to the External Examiner for a Jan. 2020 defense Dec 15 Winter term fees are due and payable Dec 20 Final Deposit deadline for Fall term 2019 16:30 MORE IMPORTANT DATES Contact Us University Directory Accessibility News Services for Media UWindsor mobile apps Terms & Conditions Policies Manage UWin Account Emergency Services for Students Follow us on Twitter Follow us on Facebook Follow us on LinkedIn Follow us on Flickr Follow us on Youtube Follow us on Instagramhttp://www.uwindsor.ca/engineering/ Faculty of Engineering Skip to main content The University of Windsor has moved to an “essential service only” model. Learn More. University of Windsor Search Enter the terms you wish to search for. Search Support UWindsor CLOSE QUICK LINKS Novel Coronavirus (COVID-19) Updates Current Students Blackboard UWinsite Student Faculty + Staff UWinsite Finance Alumni + Donors Industry + Community Partners Faculty of Engineering About Engineering Departments Undergraduate Graduate Research News & Events Current Students About Overview Office of the President Virtual Tour Visitor Information Campus Maps Parking Place of Promise VIEW Magazine Academics Programs Undergraduate Programs Graduate Programs International Programs Co-operative Education Continuing Education Support Office of the Registrar Student Awards Office of the Provost Faculties Arts, Humanities, and Social Sciences Law Education Nursing Engineering Business Graduate Studies Human Kinetics Science Research Overview Vice-President, Research & Innovation Research & Innovation Services Research Appointments Research Ethics Research Safety Animal Care Research Finance Leddy Library UWill Discover! EPICentre Student Life Overview UWindsor Events SoCA Concerts & Events Lancers Varsity Sports University Players Athletics + Recreation Services Student Accessibility Services Residence Food Services Student Support Back to Top FUTURE STUDENTS MENU FUTURE STUDENTS Faculty of Engineering About Engineering Departments Undergraduate Graduate Research News & Events Current Students COVID-19 Updates MORE Crop-dusting design earns recognition for engineering students MORE Consortium funds research into cybersecurity of autonomous vehicles MORE Engineering society honours local chapter MORE IMPORTANT DATES MORE IMPORTANT DATES Mar 27 WINONE Tutorials (online) 11:00 CEI, Room 1161 Mar 28 WINONE Tutorials (online) 11:00 CEI, Room 1161 Apr 02 WINONE Tutorials (online) 15:30 CEI, Room 1161 MORE IMPORTANT DATES Contact Us University Directory Accessibility News Services for Media UWindsor mobile apps Terms & Conditions Policies Manage UWin Account Emergency Services for Students Follow us on Twitter Follow us on Facebook Follow us on LinkedIn Follow us on Flickr Follow us on Youtube Follow us on Instagramhttps://about.google/locations/ Browse a list of Google's Office Locations - Google About Our products Our commitments Our stories Our offices {[officesMapCtrl.getOfficeData(locationsCtrl.selectedOffice).name]} {[officesMapCtrl.getOfficeData(locationsCtrl.selectedOffice).name]} Phone: {[officesMapCtrl.getOfficeData(locationsCtrl.selectedOffice).phone]} Phone: {[officesMapCtrl.getOfficeData(locationsCtrl.selectedOffice).fax]} Directions Directions North America Latin America Europe Asia Pacific Africa & Middle East Dubai TECOM Zone, Dubai Internet City Dubai, United Arab Emirates Phone: +971 4 4509500 Directions Haifa Building 30 MATAM, Advanced Technology Center Haifa, 3190500 Israel Phone: +972-74-746-6245 Directions Istanbul Eski Buyukdere Caddesi No: 209 34394 Istanbul, Turkey Directions Johannesburg 35 Ballyclare Drive Building E Johannesburg 2191, South Africa Directions Tel Aviv Yigal Alon 98 Tel Aviv, 6789141 Israel Phone: +972-74-746-6453 Directions Bangalore No. 3, RMZ Infinity - Tower E Old Madras Road 4th and 5th Floors Bangalore, 560 016, India Phone: +91-80-67218000 Directions Bangkok 57 Park Ventures Ecoplex 14th Floor, Wireless Road Bangkok, 10330, Thailand Directions Beijing 6th Floor, Tower B, Raycom InfoTech Park No. 2 Kexueyuan South Road Zhongguancun Beijing 100190 Phone: +86-10-62503000 Directions Guangzhou Taikoo Hui Tower 1, No.383 Tianhe Road Guangzhou, 510620 China Directions Gurgaon Sector 15, Part II Village Silokhera Gurgaon 122001 India Phone: +91-12-44512900 Directions Hong Kong 1 Matheson Street Causeway Bay, Hong Kong Phone: +852-3923-5400 Directions Hyderabad Survey No. 13, DivyaSree Omega Kondapur Village Hyderabad, Telangana 500084 India Phone: +91-40-6619-3000 Directions Jakarta Pacific Century Place Tower Level 45 SCBD Lot 10, Jl. Jend. Sudirman No.53, RT.5/RW.3, Senayan, Kby. Baru, Kota Jakarta Selatan, Daerah Khusus Ibukota Jakarta 12190, Indonesia Directions Kuala Lumpur Axiata Tower No. 9, Jalan Stesen Sentral 5 50470 Kuala Lumpur Malaysia Directions Melbourne 161 Collins Street, Melbourne VIC 3000, Australia Directions Mumbai 3 North Avenue Maker Maxity, Bandra Kurla Complex Bandra East Mumbai, Maharashtra 400051 India Phone: +91-22-6611-7150 Directions Seoul Google Korea LLC. 22nd Floor, Gangnam Finance Center 152 Teheran-ro, Gangnam-gu Seoul 06236 South Korea Phone: +82-2-531-9000 Directions Shanghai 100 Century Avenue, Pudong Shanghai 200120 China Phone: +86-21-6133-7666 Directions Singapore 70 Pasir Panjang Road, #03-71, Mapletree Business City Singapore 117371 Phone: +65 6521-8000 Directions Sydney 48 Pirrama Road Sydney, NSW 2009 Australia Phone: +61 2 9374 4000 Directions Taipei No. 7 XinYi Road Section 5, Taipei Taiwan Phone: +886 2 8729 6000 Directions Tokyo - RPG Roppongi Hills Mori Tower 6-10-1 Roppongi Minato-ku, Tokyo 106-6126 Japan Phone: +81-3-6384-9000 Directions Tokyo - STRM Shibuya Stream 3-21-3 Shibuya Shibuya-ku, Tokyo 150-0002 Japan Phone: +81-3-6384-9000 Directions Aarhus Aabogade 15 8200 Aarhus Denmark Directions Amsterdam Claude Debussylaan 34 1082 MD, Amsterdam Netherlands Directions Athens Fragkokklisias 7 Athens 151 25 Greece Directions Berlin Tucholskystraße 2 10117 Berlin Germany Phone: +49 30 303986300 Directions Brussels Chaussee d'Etterbeek 180 1040 Brussels Belgium Directions Copenhagen Skt. Petri Passage 5 1165 Copenhagen Denmark Phone: +45 3370 2600 Directions Dublin Gordon House Barrow St Dublin 4 Ireland Directions Hamburg ABC-Strasse 19 20354 Hamburg Germany Phone: 49 40-80-81-79-000 Directions Lisbon Avenida da Liberdade, 110 Lisbon, 1269-046, Portugal Phone: +351 21 122 1803 Directions London - 6PS 6 Pancras Square London N1C 4AG United Kingdom Phone: +44-20-7031-3000 Directions London - BEL Belgrave House 76 Buckingham Palace Road London SW1W 9TQ United Kingdom Phone: +44-20-7031-3001 Directions London - CSG 1-13 St Giles High St London WC2H 8AG United Kingdom Phone: +44 (0)20-7031-3000 Directions Madrid Plaza Pablo Ruiz Picasso, I Madrid 28020 Spain Phone: +34 91-748-6400 Directions Milan Porta Nuova Isola, Building C, Via Federico Confalonieri 4 20124 Milan Italy Directions Moscow 7 Balchug St Moscow 115035 Russia Phone: +7-495-644-1400 Directions Munich Erika-Mann-Str. 33 80636 Munich Germany Directions Oslo Aker Brygge Bryggegata 6 0250 Oslo Norway Directions Paris 8 Rue de Londres 75009 Paris France Directions Prague Stroupeznickeho str. 3191/17 Prague, Czech Republic 150 00 Directions Stockholm Kungsbron 2 111 22 Stockholm Sweden Directions Vienna Graben 19 1010 Wien Austria Directions Warsaw Emilii Plater 53 00-113 Warsaw Poland Phone: +48 22 207 19 00 Directions Wroclaw Gen. Jozefa Bema nr 2 50-265 Wroclaw Poland Phone: +48 (71) 73 41 000 Directions Zurich Brandschenkestrasse 110 8002 Zürich Switzerland Phone: +41 44 668 18 00 Directions Belo Horizonte Boulevard Corporate Tower Av. dos Andradas, 3000 - Andares 14-17 Santa Efigênia Belo Horizonte 30260-070, Brazil Phone: +55-31-2128-6800 Directions Bogota Carrera 11A 94 - 45 Centro Empresarial Oxo Center Bogota, Colombia Phone: +57 (1) 5939400 Directions Buenos Aires Alicia M. De Justo 350, 2nd Floor Buenos Aires, C1107AAH Argentina Phone: +54-11-5530-3000 Directions Mexico City Google Mexico, S. de R.L. de C.V. Montes Urales 445 Lomas de Chapultepec Mexico City 11000, Mexico Phone: +52 55-5342-8400 Directions Santiago Costanera Sur Rio 2730 Las Condes, Santiago Chile Directions Sao Paulo Av. Brigadeiro Faria Lima, 3477 São Paulo 04538-133, Brazil Directions Ann Arbor 2300 Traverwood Dr. Ann Arbor, MI 48105 United States Phone: +1 734-332-6500 Directions Atlanta 10 10th Street NE Atlanta, GA 30309 United States Phone: +1 404-487-9000 Directions Austin 500 W 2nd St Suite 2900 Austin, TX 78701 United States Phone: +1 512-343-5283 Directions Boulder 2600 Pearl Street Boulder, CO 80302 United States Phone: +1 303-245-0086 Directions Boulder - Pearl Place 2930 Pearl St Boulder, CO 80301 United States Phone: +1 303-245-0086 Directions Boulder - Walnut 3333 Walnut St Boulder CO, 80301 United States Phone: +1 303-245-0086 Directions Cambridge 355 Main Street Cambridge, MA 02142 United States Phone: +1 617-575-1300 Directions Chapel Hill 200 West Franklin Street Chapel Hill, NC 27516 United States Directions Chicago - Carpenter 210 Carpenter Ave Chicago, IL 60607 United States Directions Chicago - Fulton Market 320 N. Morgan, Suite 600 Chicago, IL 60607 United States Phone: +1 312-840-4100 Directions Detroit 52 Henry St. 3rd Floor Detroit, MI 48201 United States Phone: +1 248-593-4003 Directions Irvine 19510 Jamboree Road Irvine, CA 92612 United States Phone: +1 949-794-1600 Directions Kirkland 777 6th Street South Kirkland, WA United States Phone: +1 425-739-5600 Directions Kitchener 51 Breithaupt Street Kitchener, ON N2H 5G5 Canada Phone: +1-519-880-2300 Directions Los Angeles 340 Main Street Los Angeles, CA 90291 United States Phone: +1 310-310-6000 Directions Madison 811 E Washington Ave Suite 700 Madison, WI 53703 United States Phone: +1 608-669-9841 Directions Miami 1450 Brickell Ave Ste 900 Miami FL 33131 United States Phone: +1 305-985-7900 Directions Montreal 1253 McGill College Avenue Montreal, QC H3B 2Y5 Canada Phone: 514-670-8700 Directions Mountain View 1600 Amphitheatre Parkway Mountain View, CA 94043 United States Directions New York 111 8th Avenue New York, NY 10011 United States Phone: +1 212-565-0000 Directions Pittsburgh 6425 Penn Avenue Pittsburgh, PA 15206 United States Phone: +1 412-345-6700 Directions Playa Vista 12422 W. Bluff Creek Drive Playa Vista, CA 90094 United States Directions Portland Wells Fargo Building, 309 SW 6th Ave Portland, OR 97204 United States Directions Redwood City 1600 Seaport Boulevard Redwood City, CA 94063 United States Directions Reston 1875 Explorer Street 10th Floor Reston, VA 20190 United States Phone: +1 202-370-5600 Directions San Bruno 901 Cherry Avenue San Bruno, CA 94066 United States Directions San Diego 6420 Sequence Dr Suite 400 San Diego, CA 92121 United States Phone: +1 858-239-4000 Directions San Francisco 345 Spear Street San Francisco, CA 94105 United States Phone: +1 415-736-0000 Directions Seattle 601 N. 34th Street Seattle, WA 98103 United States Phone: +1 206-876-1800 Directions Sunnyvale 803 11th Avenue Sunnyvale, CA 94089 United States Directions Toronto 111 Richmond Street West Toronto, ON M5H 2G4 Canada Phone: 416-915-8200 Directions Washington DC 25 Massachusetts Avenue Washington DC, 20001 United States Phone: (202) 346-1100 Directions North America Ann Arbor 2300 Traverwood Dr. Ann Arbor, MI 48105 United States Phone: +1 734-332-6500 Directions Atlanta 10 10th Street NE Atlanta, GA 30309 United States Phone: +1 404-487-9000 Directions Austin 500 W 2nd St Suite 2900 Austin, TX 78701 United States Phone: +1 512-343-5283 Directions Boulder 2600 Pearl Street Boulder, CO 80302 United States Phone: +1 303-245-0086 Directions Boulder - Pearl Place 2930 Pearl St Boulder, CO 80301 United States Phone: +1 303-245-0086 Directions Boulder - Walnut 3333 Walnut St Boulder CO, 80301 United States Phone: +1 303-245-0086 Directions Cambridge 355 Main Street Cambridge, MA 02142 United States Phone: +1 617-575-1300 Directions Chapel Hill 200 West Franklin Street Chapel Hill, NC 27516 United States Directions Chicago - Carpenter 210 Carpenter Ave Chicago, IL 60607 United States Directions Chicago - Fulton Market 320 N. Morgan, Suite 600 Chicago, IL 60607 United States Phone: +1 312-840-4100 Directions Detroit 52 Henry St. 3rd Floor Detroit, MI 48201 United States Phone: +1 248-593-4003 Directions Irvine 19510 Jamboree Road Irvine, CA 92612 United States Phone: +1 949-794-1600 Directions Kirkland 777 6th Street South Kirkland, WA United States Phone: +1 425-739-5600 Directions Kitchener 51 Breithaupt Street Kitchener, ON N2H 5G5 Canada Phone: +1-519-880-2300 Directions Los Angeles 340 Main Street Los Angeles, CA 90291 United States Phone: +1 310-310-6000 Directions Madison 811 E Washington Ave Suite 700 Madison, WI 53703 United States Phone: +1 608-669-9841 Directions Miami 1450 Brickell Ave Ste 900 Miami FL 33131 United States Phone: +1 305-985-7900 Directions Montreal 1253 McGill College Avenue Montreal, QC H3B 2Y5 Canada Phone: 514-670-8700 Directions Mountain View 1600 Amphitheatre Parkway Mountain View, CA 94043 United States Directions New York 111 8th Avenue New York, NY 10011 United States Phone: +1 212-565-0000 Directions Pittsburgh 6425 Penn Avenue Pittsburgh, PA 15206 United States Phone: +1 412-345-6700 Directions Playa Vista 12422 W. Bluff Creek Drive Playa Vista, CA 90094 United States Directions Portland Wells Fargo Building, 309 SW 6th Ave Portland, OR 97204 United States Directions Redwood City 1600 Seaport Boulevard Redwood City, CA 94063 United States Directions Reston 1875 Explorer Street 10th Floor Reston, VA 20190 United States Phone: +1 202-370-5600 Directions San Bruno 901 Cherry Avenue San Bruno, CA 94066 United States Directions San Diego 6420 Sequence Dr Suite 400 San Diego, CA 92121 United States Phone: +1 858-239-4000 Directions San Francisco 345 Spear Street San Francisco, CA 94105 United States Phone: +1 415-736-0000 Directions Seattle 601 N. 34th Street Seattle, WA 98103 United States Phone: +1 206-876-1800 Directions Sunnyvale 803 11th Avenue Sunnyvale, CA 94089 United States Directions Toronto 111 Richmond Street West Toronto, ON M5H 2G4 Canada Phone: 416-915-8200 Directions Washington DC 25 Massachusetts Avenue Washington DC, 20001 United States Phone: (202) 346-1100 Directions Latin America Belo Horizonte Boulevard Corporate Tower Av. dos Andradas, 3000 - Andares 14-17 Santa Efigênia Belo Horizonte 30260-070, Brazil Phone: +55-31-2128-6800 Directions Bogota Carrera 11A 94 - 45 Centro Empresarial Oxo Center Bogota, Colombia Phone: +57 (1) 5939400 Directions Buenos Aires Alicia M. De Justo 350, 2nd Floor Buenos Aires, C1107AAH Argentina Phone: +54-11-5530-3000 Directions Mexico City Google Mexico, S. de R.L. de C.V. Montes Urales 445 Lomas de Chapultepec Mexico City 11000, Mexico Phone: +52 55-5342-8400 Directions Santiago Costanera Sur Rio 2730 Las Condes, Santiago Chile Directions Sao Paulo Av. Brigadeiro Faria Lima, 3477 São Paulo 04538-133, Brazil Directions Europe Aarhus Aabogade 15 8200 Aarhus Denmark Directions Amsterdam Claude Debussylaan 34 1082 MD, Amsterdam Netherlands Directions Athens Fragkokklisias 7 Athens 151 25 Greece Directions Berlin Tucholskystraße 2 10117 Berlin Germany Phone: +49 30 303986300 Directions Brussels Chaussee d'Etterbeek 180 1040 Brussels Belgium Directions Copenhagen Skt. Petri Passage 5 1165 Copenhagen Denmark Phone: +45 3370 2600 Directions Dublin Gordon House Barrow St Dublin 4 Ireland Directions Hamburg ABC-Strasse 19 20354 Hamburg Germany Phone: 49 40-80-81-79-000 Directions Lisbon Avenida da Liberdade, 110 Lisbon, 1269-046, Portugal Phone: +351 21 122 1803 Directions London - 6PS 6 Pancras Square London N1C 4AG United Kingdom Phone: +44-20-7031-3000 Directions London - BEL Belgrave House 76 Buckingham Palace Road London SW1W 9TQ United Kingdom Phone: +44-20-7031-3001 Directions London - CSG 1-13 St Giles High St London WC2H 8AG United Kingdom Phone: +44 (0)20-7031-3000 Directions Madrid Plaza Pablo Ruiz Picasso, I Madrid 28020 Spain Phone: +34 91-748-6400 Directions Milan Porta Nuova Isola, Building C, Via Federico Confalonieri 4 20124 Milan Italy Directions Moscow 7 Balchug St Moscow 115035 Russia Phone: +7-495-644-1400 Directions Munich Erika-Mann-Str. 33 80636 Munich Germany Directions Oslo Aker Brygge Bryggegata 6 0250 Oslo Norway Directions Paris 8 Rue de Londres 75009 Paris France Directions Prague Stroupeznickeho str. 3191/17 Prague, Czech Republic 150 00 Directions Stockholm Kungsbron 2 111 22 Stockholm Sweden Directions Vienna Graben 19 1010 Wien Austria Directions Warsaw Emilii Plater 53 00-113 Warsaw Poland Phone: +48 22 207 19 00 Directions Wroclaw Gen. Jozefa Bema nr 2 50-265 Wroclaw Poland Phone: +48 (71) 73 41 000 Directions Zurich Brandschenkestrasse 110 8002 Zürich Switzerland Phone: +41 44 668 18 00 Directions Asia Pacific Bangalore No. 3, RMZ Infinity - Tower E Old Madras Road 4th and 5th Floors Bangalore, 560 016, India Phone: +91-80-67218000 Directions Bangkok 57 Park Ventures Ecoplex 14th Floor, Wireless Road Bangkok, 10330, Thailand Directions Beijing 6th Floor, Tower B, Raycom InfoTech Park No. 2 Kexueyuan South Road Zhongguancun Beijing 100190 Phone: +86-10-62503000 Directions Guangzhou Taikoo Hui Tower 1, No.383 Tianhe Road Guangzhou, 510620 China Directions Gurgaon Sector 15, Part II Village Silokhera Gurgaon 122001 India Phone: +91-12-44512900 Directions Hong Kong 1 Matheson Street Causeway Bay, Hong Kong Phone: +852-3923-5400 Directions Hyderabad Survey No. 13, DivyaSree Omega Kondapur Village Hyderabad, Telangana 500084 India Phone: +91-40-6619-3000 Directions Jakarta Pacific Century Place Tower Level 45 SCBD Lot 10, Jl. Jend. Sudirman No.53, RT.5/RW.3, Senayan, Kby. Baru, Kota Jakarta Selatan, Daerah Khusus Ibukota Jakarta 12190, Indonesia Directions Kuala Lumpur Axiata Tower No. 9, Jalan Stesen Sentral 5 50470 Kuala Lumpur Malaysia Directions Melbourne 161 Collins Street, Melbourne VIC 3000, Australia Directions Mumbai 3 North Avenue Maker Maxity, Bandra Kurla Complex Bandra East Mumbai, Maharashtra 400051 India Phone: +91-22-6611-7150 Directions Seoul Google Korea LLC. 22nd Floor, Gangnam Finance Center 152 Teheran-ro, Gangnam-gu Seoul 06236 South Korea Phone: +82-2-531-9000 Directions Shanghai 100 Century Avenue, Pudong Shanghai 200120 China Phone: +86-21-6133-7666 Directions Singapore 70 Pasir Panjang Road, #03-71, Mapletree Business City Singapore 117371 Phone: +65 6521-8000 Directions Sydney 48 Pirrama Road Sydney, NSW 2009 Australia Phone: +61 2 9374 4000 Directions Taipei No. 7 XinYi Road Section 5, Taipei Taiwan Phone: +886 2 8729 6000 Directions Tokyo - RPG Roppongi Hills Mori Tower 6-10-1 Roppongi Minato-ku, Tokyo 106-6126 Japan Phone: +81-3-6384-9000 Directions Tokyo - STRM Shibuya Stream 3-21-3 Shibuya Shibuya-ku, Tokyo 150-0002 Japan Phone: +81-3-6384-9000 Directions Africa & Middle East Dubai TECOM Zone, Dubai Internet City Dubai, United Arab Emirates Phone: +971 4 4509500 Directions Haifa Building 30 MATAM, Advanced Technology Center Haifa, 3190500 Israel Phone: +972-74-746-6245 Directions Istanbul Eski Buyukdere Caddesi No: 209 34394 Istanbul, Turkey Directions Johannesburg 35 Ballyclare Drive Building E Johannesburg 2191, South Africa Directions Tel Aviv Yigal Alon 98 Tel Aviv, 6789141 Israel Phone: +972-74-746-6453 Directions Back to top Follow us on: More about us Contact us Investor relations Careers Locations Blog Think with Google Press room Press inquiries Images & B-roll Permissions Speaker requests Policy Application security Software principles Unwanted software policy Responsible supply chain Extended workforce Community guidelines How our business works Responsibility Google.org Sustainability Crisis Response Diversity & Inclusion Accessibility Transparency Digital Wellbeing Safety Center Google Safety Engineering Center Human Rights Help Privacy Termshttps://about.google/locations/ Browse a list of Google's Office Locations - Google About Our products Our commitments Our stories Our offices {[officesMapCtrl.getOfficeData(locationsCtrl.selectedOffice).name]} {[officesMapCtrl.getOfficeData(locationsCtrl.selectedOffice).name]} Phone: {[officesMapCtrl.getOfficeData(locationsCtrl.selectedOffice).phone]} Phone: {[officesMapCtrl.getOfficeData(locationsCtrl.selectedOffice).fax]} Directions Directions North America Latin America Europe Asia Pacific Africa & Middle East Dubai TECOM Zone, Dubai Internet City Dubai, United Arab Emirates Phone: +971 4 4509500 Directions Haifa Building 30 MATAM, Advanced Technology Center Haifa, 3190500 Israel Phone: +972-74-746-6245 Directions Istanbul Eski Buyukdere Caddesi No: 209 34394 Istanbul, Turkey Directions Johannesburg 35 Ballyclare Drive Building E Johannesburg 2191, South Africa Directions Tel Aviv Yigal Alon 98 Tel Aviv, 6789141 Israel Phone: +972-74-746-6453 Directions Bangalore No. 3, RMZ Infinity - Tower E Old Madras Road 4th and 5th Floors Bangalore, 560 016, India Phone: +91-80-67218000 Directions Bangkok 57 Park Ventures Ecoplex 14th Floor, Wireless Road Bangkok, 10330, Thailand Directions Beijing 6th Floor, Tower B, Raycom InfoTech Park No. 2 Kexueyuan South Road Zhongguancun Beijing 100190 Phone: +86-10-62503000 Directions Guangzhou Taikoo Hui Tower 1, No.383 Tianhe Road Guangzhou, 510620 China Directions Gurgaon Sector 15, Part II Village Silokhera Gurgaon 122001 India Phone: +91-12-44512900 Directions Hong Kong 1 Matheson Street Causeway Bay, Hong Kong Phone: +852-3923-5400 Directions Hyderabad Survey No. 13, DivyaSree Omega Kondapur Village Hyderabad, Telangana 500084 India Phone: +91-40-6619-3000 Directions Jakarta Pacific Century Place Tower Level 45 SCBD Lot 10, Jl. Jend. Sudirman No.53, RT.5/RW.3, Senayan, Kby. Baru, Kota Jakarta Selatan, Daerah Khusus Ibukota Jakarta 12190, Indonesia Directions Kuala Lumpur Axiata Tower No. 9, Jalan Stesen Sentral 5 50470 Kuala Lumpur Malaysia Directions Melbourne 161 Collins Street, Melbourne VIC 3000, Australia Directions Mumbai 3 North Avenue Maker Maxity, Bandra Kurla Complex Bandra East Mumbai, Maharashtra 400051 India Phone: +91-22-6611-7150 Directions Seoul Google Korea LLC. 22nd Floor, Gangnam Finance Center 152 Teheran-ro, Gangnam-gu Seoul 06236 South Korea Phone: +82-2-531-9000 Directions Shanghai 100 Century Avenue, Pudong Shanghai 200120 China Phone: +86-21-6133-7666 Directions Singapore 70 Pasir Panjang Road, #03-71, Mapletree Business City Singapore 117371 Phone: +65 6521-8000 Directions Sydney 48 Pirrama Road Sydney, NSW 2009 Australia Phone: +61 2 9374 4000 Directions Taipei No. 7 XinYi Road Section 5, Taipei Taiwan Phone: +886 2 8729 6000 Directions Tokyo - RPG Roppongi Hills Mori Tower 6-10-1 Roppongi Minato-ku, Tokyo 106-6126 Japan Phone: +81-3-6384-9000 Directions Tokyo - STRM Shibuya Stream 3-21-3 Shibuya Shibuya-ku, Tokyo 150-0002 Japan Phone: +81-3-6384-9000 Directions Aarhus Aabogade 15 8200 Aarhus Denmark Directions Amsterdam Claude Debussylaan 34 1082 MD, Amsterdam Netherlands Directions Athens Fragkokklisias 7 Athens 151 25 Greece Directions Berlin Tucholskystraße 2 10117 Berlin Germany Phone: +49 30 303986300 Directions Brussels Chaussee d'Etterbeek 180 1040 Brussels Belgium Directions Copenhagen Skt. Petri Passage 5 1165 Copenhagen Denmark Phone: +45 3370 2600 Directions Dublin Gordon House Barrow St Dublin 4 Ireland Directions Hamburg ABC-Strasse 19 20354 Hamburg Germany Phone: 49 40-80-81-79-000 Directions Lisbon Avenida da Liberdade, 110 Lisbon, 1269-046, Portugal Phone: +351 21 122 1803 Directions London - 6PS 6 Pancras Square London N1C 4AG United Kingdom Phone: +44-20-7031-3000 Directions London - BEL Belgrave House 76 Buckingham Palace Road London SW1W 9TQ United Kingdom Phone: +44-20-7031-3001 Directions London - CSG 1-13 St Giles High St London WC2H 8AG United Kingdom Phone: +44 (0)20-7031-3000 Directions Madrid Plaza Pablo Ruiz Picasso, I Madrid 28020 Spain Phone: +34 91-748-6400 Directions Milan Porta Nuova Isola, Building C, Via Federico Confalonieri 4 20124 Milan Italy Directions Moscow 7 Balchug St Moscow 115035 Russia Phone: +7-495-644-1400 Directions Munich Erika-Mann-Str. 33 80636 Munich Germany Directions Oslo Aker Brygge Bryggegata 6 0250 Oslo Norway Directions Paris 8 Rue de Londres 75009 Paris France Directions Prague Stroupeznickeho str. 3191/17 Prague, Czech Republic 150 00 Directions Stockholm Kungsbron 2 111 22 Stockholm Sweden Directions Vienna Graben 19 1010 Wien Austria Directions Warsaw Emilii Plater 53 00-113 Warsaw Poland Phone: +48 22 207 19 00 Directions Wroclaw Gen. Jozefa Bema nr 2 50-265 Wroclaw Poland Phone: +48 (71) 73 41 000 Directions Zurich Brandschenkestrasse 110 8002 Zürich Switzerland Phone: +41 44 668 18 00 Directions Belo Horizonte Boulevard Corporate Tower Av. dos Andradas, 3000 - Andares 14-17 Santa Efigênia Belo Horizonte 30260-070, Brazil Phone: +55-31-2128-6800 Directions Bogota Carrera 11A 94 - 45 Centro Empresarial Oxo Center Bogota, Colombia Phone: +57 (1) 5939400 Directions Buenos Aires Alicia M. De Justo 350, 2nd Floor Buenos Aires, C1107AAH Argentina Phone: +54-11-5530-3000 Directions Mexico City Google Mexico, S. de R.L. de C.V. Montes Urales 445 Lomas de Chapultepec Mexico City 11000, Mexico Phone: +52 55-5342-8400 Directions Santiago Costanera Sur Rio 2730 Las Condes, Santiago Chile Directions Sao Paulo Av. Brigadeiro Faria Lima, 3477 São Paulo 04538-133, Brazil Directions Ann Arbor 2300 Traverwood Dr. Ann Arbor, MI 48105 United States Phone: +1 734-332-6500 Directions Atlanta 10 10th Street NE Atlanta, GA 30309 United States Phone: +1 404-487-9000 Directions Austin 500 W 2nd St Suite 2900 Austin, TX 78701 United States Phone: +1 512-343-5283 Directions Boulder 2600 Pearl Street Boulder, CO 80302 United States Phone: +1 303-245-0086 Directions Boulder - Pearl Place 2930 Pearl St Boulder, CO 80301 United States Phone: +1 303-245-0086 Directions Boulder - Walnut 3333 Walnut St Boulder CO, 80301 United States Phone: +1 303-245-0086 Directions Cambridge 355 Main Street Cambridge, MA 02142 United States Phone: +1 617-575-1300 Directions Chapel Hill 200 West Franklin Street Chapel Hill, NC 27516 United States Directions Chicago - Carpenter 210 Carpenter Ave Chicago, IL 60607 United States Directions Chicago - Fulton Market 320 N. Morgan, Suite 600 Chicago, IL 60607 United States Phone: +1 312-840-4100 Directions Detroit 52 Henry St. 3rd Floor Detroit, MI 48201 United States Phone: +1 248-593-4003 Directions Irvine 19510 Jamboree Road Irvine, CA 92612 United States Phone: +1 949-794-1600 Directions Kirkland 777 6th Street South Kirkland, WA United States Phone: +1 425-739-5600 Directions Kitchener 51 Breithaupt Street Kitchener, ON N2H 5G5 Canada Phone: +1-519-880-2300 Directions Los Angeles 340 Main Street Los Angeles, CA 90291 United States Phone: +1 310-310-6000 Directions Madison 811 E Washington Ave Suite 700 Madison, WI 53703 United States Phone: +1 608-669-9841 Directions Miami 1450 Brickell Ave Ste 900 Miami FL 33131 United States Phone: +1 305-985-7900 Directions Montreal 1253 McGill College Avenue Montreal, QC H3B 2Y5 Canada Phone: 514-670-8700 Directions Mountain View 1600 Amphitheatre Parkway Mountain View, CA 94043 United States Directions New York 111 8th Avenue New York, NY 10011 United States Phone: +1 212-565-0000 Directions Pittsburgh 6425 Penn Avenue Pittsburgh, PA 15206 United States Phone: +1 412-345-6700 Directions Playa Vista 12422 W. Bluff Creek Drive Playa Vista, CA 90094 United States Directions Portland Wells Fargo Building, 309 SW 6th Ave Portland, OR 97204 United States Directions Redwood City 1600 Seaport Boulevard Redwood City, CA 94063 United States Directions Reston 1875 Explorer Street 10th Floor Reston, VA 20190 United States Phone: +1 202-370-5600 Directions San Bruno 901 Cherry Avenue San Bruno, CA 94066 United States Directions San Diego 6420 Sequence Dr Suite 400 San Diego, CA 92121 United States Phone: +1 858-239-4000 Directions San Francisco 345 Spear Street San Francisco, CA 94105 United States Phone: +1 415-736-0000 Directions Seattle 601 N. 34th Street Seattle, WA 98103 United States Phone: +1 206-876-1800 Directions Sunnyvale 803 11th Avenue Sunnyvale, CA 94089 United States Directions Toronto 111 Richmond Street West Toronto, ON M5H 2G4 Canada Phone: 416-915-8200 Directions Washington DC 25 Massachusetts Avenue Washington DC, 20001 United States Phone: (202) 346-1100 Directions North America Ann Arbor 2300 Traverwood Dr. Ann Arbor, MI 48105 United States Phone: +1 734-332-6500 Directions Atlanta 10 10th Street NE Atlanta, GA 30309 United States Phone: +1 404-487-9000 Directions Austin 500 W 2nd St Suite 2900 Austin, TX 78701 United States Phone: +1 512-343-5283 Directions Boulder 2600 Pearl Street Boulder, CO 80302 United States Phone: +1 303-245-0086 Directions Boulder - Pearl Place 2930 Pearl St Boulder, CO 80301 United States Phone: +1 303-245-0086 Directions Boulder - Walnut 3333 Walnut St Boulder CO, 80301 United States Phone: +1 303-245-0086 Directions Cambridge 355 Main Street Cambridge, MA 02142 United States Phone: +1 617-575-1300 Directions Chapel Hill 200 West Franklin Street Chapel Hill, NC 27516 United States Directions Chicago - Carpenter 210 Carpenter Ave Chicago, IL 60607 United States Directions Chicago - Fulton Market 320 N. Morgan, Suite 600 Chicago, IL 60607 United States Phone: +1 312-840-4100 Directions Detroit 52 Henry St. 3rd Floor Detroit, MI 48201 United States Phone: +1 248-593-4003 Directions Irvine 19510 Jamboree Road Irvine, CA 92612 United States Phone: +1 949-794-1600 Directions Kirkland 777 6th Street South Kirkland, WA United States Phone: +1 425-739-5600 Directions Kitchener 51 Breithaupt Street Kitchener, ON N2H 5G5 Canada Phone: +1-519-880-2300 Directions Los Angeles 340 Main Street Los Angeles, CA 90291 United States Phone: +1 310-310-6000 Directions Madison 811 E Washington Ave Suite 700 Madison, WI 53703 United States Phone: +1 608-669-9841 Directions Miami 1450 Brickell Ave Ste 900 Miami FL 33131 United States Phone: +1 305-985-7900 Directions Montreal 1253 McGill College Avenue Montreal, QC H3B 2Y5 Canada Phone: 514-670-8700 Directions Mountain View 1600 Amphitheatre Parkway Mountain View, CA 94043 United States Directions New York 111 8th Avenue New York, NY 10011 United States Phone: +1 212-565-0000 Directions Pittsburgh 6425 Penn Avenue Pittsburgh, PA 15206 United States Phone: +1 412-345-6700 Directions Playa Vista 12422 W. Bluff Creek Drive Playa Vista, CA 90094 United States Directions Portland Wells Fargo Building, 309 SW 6th Ave Portland, OR 97204 United States Directions Redwood City 1600 Seaport Boulevard Redwood City, CA 94063 United States Directions Reston 1875 Explorer Street 10th Floor Reston, VA 20190 United States Phone: +1 202-370-5600 Directions San Bruno 901 Cherry Avenue San Bruno, CA 94066 United States Directions San Diego 6420 Sequence Dr Suite 400 San Diego, CA 92121 United States Phone: +1 858-239-4000 Directions San Francisco 345 Spear Street San Francisco, CA 94105 United States Phone: +1 415-736-0000 Directions Seattle 601 N. 34th Street Seattle, WA 98103 United States Phone: +1 206-876-1800 Directions Sunnyvale 803 11th Avenue Sunnyvale, CA 94089 United States Directions Toronto 111 Richmond Street West Toronto, ON M5H 2G4 Canada Phone: 416-915-8200 Directions Washington DC 25 Massachusetts Avenue Washington DC, 20001 United States Phone: (202) 346-1100 Directions Latin America Belo Horizonte Boulevard Corporate Tower Av. dos Andradas, 3000 - Andares 14-17 Santa Efigênia Belo Horizonte 30260-070, Brazil Phone: +55-31-2128-6800 Directions Bogota Carrera 11A 94 - 45 Centro Empresarial Oxo Center Bogota, Colombia Phone: +57 (1) 5939400 Directions Buenos Aires Alicia M. De Justo 350, 2nd Floor Buenos Aires, C1107AAH Argentina Phone: +54-11-5530-3000 Directions Mexico City Google Mexico, S. de R.L. de C.V. Montes Urales 445 Lomas de Chapultepec Mexico City 11000, Mexico Phone: +52 55-5342-8400 Directions Santiago Costanera Sur Rio 2730 Las Condes, Santiago Chile Directions Sao Paulo Av. Brigadeiro Faria Lima, 3477 São Paulo 04538-133, Brazil Directions Europe Aarhus Aabogade 15 8200 Aarhus Denmark Directions Amsterdam Claude Debussylaan 34 1082 MD, Amsterdam Netherlands Directions Athens Fragkokklisias 7 Athens 151 25 Greece Directions Berlin Tucholskystraße 2 10117 Berlin Germany Phone: +49 30 303986300 Directions Brussels Chaussee d'Etterbeek 180 1040 Brussels Belgium Directions Copenhagen Skt. Petri Passage 5 1165 Copenhagen Denmark Phone: +45 3370 2600 Directions Dublin Gordon House Barrow St Dublin 4 Ireland Directions Hamburg ABC-Strasse 19 20354 Hamburg Germany Phone: 49 40-80-81-79-000 Directions Lisbon Avenida da Liberdade, 110 Lisbon, 1269-046, Portugal Phone: +351 21 122 1803 Directions London - 6PS 6 Pancras Square London N1C 4AG United Kingdom Phone: +44-20-7031-3000 Directions London - BEL Belgrave House 76 Buckingham Palace Road London SW1W 9TQ United Kingdom Phone: +44-20-7031-3001 Directions London - CSG 1-13 St Giles High St London WC2H 8AG United Kingdom Phone: +44 (0)20-7031-3000 Directions Madrid Plaza Pablo Ruiz Picasso, I Madrid 28020 Spain Phone: +34 91-748-6400 Directions Milan Porta Nuova Isola, Building C, Via Federico Confalonieri 4 20124 Milan Italy Directions Moscow 7 Balchug St Moscow 115035 Russia Phone: +7-495-644-1400 Directions Munich Erika-Mann-Str. 33 80636 Munich Germany Directions Oslo Aker Brygge Bryggegata 6 0250 Oslo Norway Directions Paris 8 Rue de Londres 75009 Paris France Directions Prague Stroupeznickeho str. 3191/17 Prague, Czech Republic 150 00 Directions Stockholm Kungsbron 2 111 22 Stockholm Sweden Directions Vienna Graben 19 1010 Wien Austria Directions Warsaw Emilii Plater 53 00-113 Warsaw Poland Phone: +48 22 207 19 00 Directions Wroclaw Gen. Jozefa Bema nr 2 50-265 Wroclaw Poland Phone: +48 (71) 73 41 000 Directions Zurich Brandschenkestrasse 110 8002 Zürich Switzerland Phone: +41 44 668 18 00 Directions Asia Pacific Bangalore No. 3, RMZ Infinity - Tower E Old Madras Road 4th and 5th Floors Bangalore, 560 016, India Phone: +91-80-67218000 Directions Bangkok 57 Park Ventures Ecoplex 14th Floor, Wireless Road Bangkok, 10330, Thailand Directions Beijing 6th Floor, Tower B, Raycom InfoTech Park No. 2 Kexueyuan South Road Zhongguancun Beijing 100190 Phone: +86-10-62503000 Directions Guangzhou Taikoo Hui Tower 1, No.383 Tianhe Road Guangzhou, 510620 China Directions Gurgaon Sector 15, Part II Village Silokhera Gurgaon 122001 India Phone: +91-12-44512900 Directions Hong Kong 1 Matheson Street Causeway Bay, Hong Kong Phone: +852-3923-5400 Directions Hyderabad Survey No. 13, DivyaSree Omega Kondapur Village Hyderabad, Telangana 500084 India Phone: +91-40-6619-3000 Directions Jakarta Pacific Century Place Tower Level 45 SCBD Lot 10, Jl. Jend. Sudirman No.53, RT.5/RW.3, Senayan, Kby. Baru, Kota Jakarta Selatan, Daerah Khusus Ibukota Jakarta 12190, Indonesia Directions Kuala Lumpur Axiata Tower No. 9, Jalan Stesen Sentral 5 50470 Kuala Lumpur Malaysia Directions Melbourne 161 Collins Street, Melbourne VIC 3000, Australia Directions Mumbai 3 North Avenue Maker Maxity, Bandra Kurla Complex Bandra East Mumbai, Maharashtra 400051 India Phone: +91-22-6611-7150 Directions Seoul Google Korea LLC. 22nd Floor, Gangnam Finance Center 152 Teheran-ro, Gangnam-gu Seoul 06236 South Korea Phone: +82-2-531-9000 Directions Shanghai 100 Century Avenue, Pudong Shanghai 200120 China Phone: +86-21-6133-7666 Directions Singapore 70 Pasir Panjang Road, #03-71, Mapletree Business City Singapore 117371 Phone: +65 6521-8000 Directions Sydney 48 Pirrama Road Sydney, NSW 2009 Australia Phone: +61 2 9374 4000 Directions Taipei No. 7 XinYi Road Section 5, Taipei Taiwan Phone: +886 2 8729 6000 Directions Tokyo - RPG Roppongi Hills Mori Tower 6-10-1 Roppongi Minato-ku, Tokyo 106-6126 Japan Phone: +81-3-6384-9000 Directions Tokyo - STRM Shibuya Stream 3-21-3 Shibuya Shibuya-ku, Tokyo 150-0002 Japan Phone: +81-3-6384-9000 Directions Africa & Middle East Dubai TECOM Zone, Dubai Internet City Dubai, United Arab Emirates Phone: +971 4 4509500 Directions Haifa Building 30 MATAM, Advanced Technology Center Haifa, 3190500 Israel Phone: +972-74-746-6245 Directions Istanbul Eski Buyukdere Caddesi No: 209 34394 Istanbul, Turkey Directions Johannesburg 35 Ballyclare Drive Building E Johannesburg 2191, South Africa Directions Tel Aviv Yigal Alon 98 Tel Aviv, 6789141 Israel Phone: +972-74-746-6453 Directions Back to top Follow us on: More about us Contact us Investor relations Careers Locations Blog Think with Google Press room Press inquiries Images & B-roll Permissions Speaker requests Policy Application security Software principles Unwanted software policy Responsible supply chain Extended workforce Community guidelines How our business works Responsibility Google.org Sustainability Crisis Response Diversity & Inclusion Accessibility Transparency Digital Wellbeing Safety Center Google Safety Engineering Center Human Rights Help Privacy Termshttps://about.google/locations/ Browse a list of Google's Office Locations - Google About Our products Our commitments Our stories Our offices {[officesMapCtrl.getOfficeData(locationsCtrl.selectedOffice).name]} {[officesMapCtrl.getOfficeData(locationsCtrl.selectedOffice).name]} Phone: {[officesMapCtrl.getOfficeData(locationsCtrl.selectedOffice).phone]} Phone: {[officesMapCtrl.getOfficeData(locationsCtrl.selectedOffice).fax]} Directions Directions North America Latin America Europe Asia Pacific Africa & Middle East Dubai TECOM Zone, Dubai Internet City Dubai, United Arab Emirates Phone: +971 4 4509500 Directions Haifa Building 30 MATAM, Advanced Technology Center Haifa, 3190500 Israel Phone: +972-74-746-6245 Directions Istanbul Eski Buyukdere Caddesi No: 209 34394 Istanbul, Turkey Directions Johannesburg 35 Ballyclare Drive Building E Johannesburg 2191, South Africa Directions Tel Aviv Yigal Alon 98 Tel Aviv, 6789141 Israel Phone: +972-74-746-6453 Directions Bangalore No. 3, RMZ Infinity - Tower E Old Madras Road 4th and 5th Floors Bangalore, 560 016, India Phone: +91-80-67218000 Directions Bangkok 57 Park Ventures Ecoplex 14th Floor, Wireless Road Bangkok, 10330, Thailand Directions Beijing 6th Floor, Tower B, Raycom InfoTech Park No. 2 Kexueyuan South Road Zhongguancun Beijing 100190 Phone: +86-10-62503000 Directions Guangzhou Taikoo Hui Tower 1, No.383 Tianhe Road Guangzhou, 510620 China Directions Gurgaon Sector 15, Part II Village Silokhera Gurgaon 122001 India Phone: +91-12-44512900 Directions Hong Kong 1 Matheson Street Causeway Bay, Hong Kong Phone: +852-3923-5400 Directions Hyderabad Survey No. 13, DivyaSree Omega Kondapur Village Hyderabad, Telangana 500084 India Phone: +91-40-6619-3000 Directions Jakarta Pacific Century Place Tower Level 45 SCBD Lot 10, Jl. Jend. Sudirman No.53, RT.5/RW.3, Senayan, Kby. Baru, Kota Jakarta Selatan, Daerah Khusus Ibukota Jakarta 12190, Indonesia Directions Kuala Lumpur Axiata Tower No. 9, Jalan Stesen Sentral 5 50470 Kuala Lumpur Malaysia Directions Melbourne 161 Collins Street, Melbourne VIC 3000, Australia Directions Mumbai 3 North Avenue Maker Maxity, Bandra Kurla Complex Bandra East Mumbai, Maharashtra 400051 India Phone: +91-22-6611-7150 Directions Seoul Google Korea LLC. 22nd Floor, Gangnam Finance Center 152 Teheran-ro, Gangnam-gu Seoul 06236 South Korea Phone: +82-2-531-9000 Directions Shanghai 100 Century Avenue, Pudong Shanghai 200120 China Phone: +86-21-6133-7666 Directions Singapore 70 Pasir Panjang Road, #03-71, Mapletree Business City Singapore 117371 Phone: +65 6521-8000 Directions Sydney 48 Pirrama Road Sydney, NSW 2009 Australia Phone: +61 2 9374 4000 Directions Taipei No. 7 XinYi Road Section 5, Taipei Taiwan Phone: +886 2 8729 6000 Directions Tokyo - RPG Roppongi Hills Mori Tower 6-10-1 Roppongi Minato-ku, Tokyo 106-6126 Japan Phone: +81-3-6384-9000 Directions Tokyo - STRM Shibuya Stream 3-21-3 Shibuya Shibuya-ku, Tokyo 150-0002 Japan Phone: +81-3-6384-9000 Directions Aarhus Aabogade 15 8200 Aarhus Denmark Directions Amsterdam Claude Debussylaan 34 1082 MD, Amsterdam Netherlands Directions Athens Fragkokklisias 7 Athens 151 25 Greece Directions Berlin Tucholskystraße 2 10117 Berlin Germany Phone: +49 30 303986300 Directions Brussels Chaussee d'Etterbeek 180 1040 Brussels Belgium Directions Copenhagen Skt. Petri Passage 5 1165 Copenhagen Denmark Phone: +45 3370 2600 Directions Dublin Gordon House Barrow St Dublin 4 Ireland Directions Hamburg ABC-Strasse 19 20354 Hamburg Germany Phone: 49 40-80-81-79-000 Directions Lisbon Avenida da Liberdade, 110 Lisbon, 1269-046, Portugal Phone: +351 21 122 1803 Directions London - 6PS 6 Pancras Square London N1C 4AG United Kingdom Phone: +44-20-7031-3000 Directions London - BEL Belgrave House 76 Buckingham Palace Road London SW1W 9TQ United Kingdom Phone: +44-20-7031-3001 Directions London - CSG 1-13 St Giles High St London WC2H 8AG United Kingdom Phone: +44 (0)20-7031-3000 Directions Madrid Plaza Pablo Ruiz Picasso, I Madrid 28020 Spain Phone: +34 91-748-6400 Directions Milan Porta Nuova Isola, Building C, Via Federico Confalonieri 4 20124 Milan Italy Directions Moscow 7 Balchug St Moscow 115035 Russia Phone: +7-495-644-1400 Directions Munich Erika-Mann-Str. 33 80636 Munich Germany Directions Oslo Aker Brygge Bryggegata 6 0250 Oslo Norway Directions Paris 8 Rue de Londres 75009 Paris France Directions Prague Stroupeznickeho str. 3191/17 Prague, Czech Republic 150 00 Directions Stockholm Kungsbron 2 111 22 Stockholm Sweden Directions Vienna Graben 19 1010 Wien Austria Directions Warsaw Emilii Plater 53 00-113 Warsaw Poland Phone: +48 22 207 19 00 Directions Wroclaw Gen. Jozefa Bema nr 2 50-265 Wroclaw Poland Phone: +48 (71) 73 41 000 Directions Zurich Brandschenkestrasse 110 8002 Zürich Switzerland Phone: +41 44 668 18 00 Directions Belo Horizonte Boulevard Corporate Tower Av. dos Andradas, 3000 - Andares 14-17 Santa Efigênia Belo Horizonte 30260-070, Brazil Phone: +55-31-2128-6800 Directions Bogota Carrera 11A 94 - 45 Centro Empresarial Oxo Center Bogota, Colombia Phone: +57 (1) 5939400 Directions Buenos Aires Alicia M. De Justo 350, 2nd Floor Buenos Aires, C1107AAH Argentina Phone: +54-11-5530-3000 Directions Mexico City Google Mexico, S. de R.L. de C.V. Montes Urales 445 Lomas de Chapultepec Mexico City 11000, Mexico Phone: +52 55-5342-8400 Directions Santiago Costanera Sur Rio 2730 Las Condes, Santiago Chile Directions Sao Paulo Av. Brigadeiro Faria Lima, 3477 São Paulo 04538-133, Brazil Directions Ann Arbor 2300 Traverwood Dr. Ann Arbor, MI 48105 United States Phone: +1 734-332-6500 Directions Atlanta 10 10th Street NE Atlanta, GA 30309 United States Phone: +1 404-487-9000 Directions Austin 500 W 2nd St Suite 2900 Austin, TX 78701 United States Phone: +1 512-343-5283 Directions Boulder 2600 Pearl Street Boulder, CO 80302 United States Phone: +1 303-245-0086 Directions Boulder - Pearl Place 2930 Pearl St Boulder, CO 80301 United States Phone: +1 303-245-0086 Directions Boulder - Walnut 3333 Walnut St Boulder CO, 80301 United States Phone: +1 303-245-0086 Directions Cambridge 355 Main Street Cambridge, MA 02142 United States Phone: +1 617-575-1300 Directions Chapel Hill 200 West Franklin Street Chapel Hill, NC 27516 United States Directions Chicago - Carpenter 210 Carpenter Ave Chicago, IL 60607 United States Directions Chicago - Fulton Market 320 N. Morgan, Suite 600 Chicago, IL 60607 United States Phone: +1 312-840-4100 Directions Detroit 52 Henry St. 3rd Floor Detroit, MI 48201 United States Phone: +1 248-593-4003 Directions Irvine 19510 Jamboree Road Irvine, CA 92612 United States Phone: +1 949-794-1600 Directions Kirkland 777 6th Street South Kirkland, WA United States Phone: +1 425-739-5600 Directions Kitchener 51 Breithaupt Street Kitchener, ON N2H 5G5 Canada Phone: +1-519-880-2300 Directions Los Angeles 340 Main Street Los Angeles, CA 90291 United States Phone: +1 310-310-6000 Directions Madison 811 E Washington Ave Suite 700 Madison, WI 53703 United States Phone: +1 608-669-9841 Directions Miami 1450 Brickell Ave Ste 900 Miami FL 33131 United States Phone: +1 305-985-7900 Directions Montreal 1253 McGill College Avenue Montreal, QC H3B 2Y5 Canada Phone: 514-670-8700 Directions Mountain View 1600 Amphitheatre Parkway Mountain View, CA 94043 United States Directions New York 111 8th Avenue New York, NY 10011 United States Phone: +1 212-565-0000 Directions Pittsburgh 6425 Penn Avenue Pittsburgh, PA 15206 United States Phone: +1 412-345-6700 Directions Playa Vista 12422 W. Bluff Creek Drive Playa Vista, CA 90094 United States Directions Portland Wells Fargo Building, 309 SW 6th Ave Portland, OR 97204 United States Directions Redwood City 1600 Seaport Boulevard Redwood City, CA 94063 United States Directions Reston 1875 Explorer Street 10th Floor Reston, VA 20190 United States Phone: +1 202-370-5600 Directions San Bruno 901 Cherry Avenue San Bruno, CA 94066 United States Directions San Diego 6420 Sequence Dr Suite 400 San Diego, CA 92121 United States Phone: +1 858-239-4000 Directions San Francisco 345 Spear Street San Francisco, CA 94105 United States Phone: +1 415-736-0000 Directions Seattle 601 N. 34th Street Seattle, WA 98103 United States Phone: +1 206-876-1800 Directions Sunnyvale 803 11th Avenue Sunnyvale, CA 94089 United States Directions Toronto 111 Richmond Street West Toronto, ON M5H 2G4 Canada Phone: 416-915-8200 Directions Washington DC 25 Massachusetts Avenue Washington DC, 20001 United States Phone: (202) 346-1100 Directions North America Ann Arbor 2300 Traverwood Dr. Ann Arbor, MI 48105 United States Phone: +1 734-332-6500 Directions Atlanta 10 10th Street NE Atlanta, GA 30309 United States Phone: +1 404-487-9000 Directions Austin 500 W 2nd St Suite 2900 Austin, TX 78701 United States Phone: +1 512-343-5283 Directions Boulder 2600 Pearl Street Boulder, CO 80302 United States Phone: +1 303-245-0086 Directions Boulder - Pearl Place 2930 Pearl St Boulder, CO 80301 United States Phone: +1 303-245-0086 Directions Boulder - Walnut 3333 Walnut St Boulder CO, 80301 United States Phone: +1 303-245-0086 Directions Cambridge 355 Main Street Cambridge, MA 02142 United States Phone: +1 617-575-1300 Directions Chapel Hill 200 West Franklin Street Chapel Hill, NC 27516 United States Directions Chicago - Carpenter 210 Carpenter Ave Chicago, IL 60607 United States Directions Chicago - Fulton Market 320 N. Morgan, Suite 600 Chicago, IL 60607 United States Phone: +1 312-840-4100 Directions Detroit 52 Henry St. 3rd Floor Detroit, MI 48201 United States Phone: +1 248-593-4003 Directions Irvine 19510 Jamboree Road Irvine, CA 92612 United States Phone: +1 949-794-1600 Directions Kirkland 777 6th Street South Kirkland, WA United States Phone: +1 425-739-5600 Directions Kitchener 51 Breithaupt Street Kitchener, ON N2H 5G5 Canada Phone: +1-519-880-2300 Directions Los Angeles 340 Main Street Los Angeles, CA 90291 United States Phone: +1 310-310-6000 Directions Madison 811 E Washington Ave Suite 700 Madison, WI 53703 United States Phone: +1 608-669-9841 Directions Miami 1450 Brickell Ave Ste 900 Miami FL 33131 United States Phone: +1 305-985-7900 Directions Montreal 1253 McGill College Avenue Montreal, QC H3B 2Y5 Canada Phone: 514-670-8700 Directions Mountain View 1600 Amphitheatre Parkway Mountain View, CA 94043 United States Directions New York 111 8th Avenue New York, NY 10011 United States Phone: +1 212-565-0000 Directions Pittsburgh 6425 Penn Avenue Pittsburgh, PA 15206 United States Phone: +1 412-345-6700 Directions Playa Vista 12422 W. Bluff Creek Drive Playa Vista, CA 90094 United States Directions Portland Wells Fargo Building, 309 SW 6th Ave Portland, OR 97204 United States Directions Redwood City 1600 Seaport Boulevard Redwood City, CA 94063 United States Directions Reston 1875 Explorer Street 10th Floor Reston, VA 20190 United States Phone: +1 202-370-5600 Directions San Bruno 901 Cherry Avenue San Bruno, CA 94066 United States Directions San Diego 6420 Sequence Dr Suite 400 San Diego, CA 92121 United States Phone: +1 858-239-4000 Directions San Francisco 345 Spear Street San Francisco, CA 94105 United States Phone: +1 415-736-0000 Directions Seattle 601 N. 34th Street Seattle, WA 98103 United States Phone: +1 206-876-1800 Directions Sunnyvale 803 11th Avenue Sunnyvale, CA 94089 United States Directions Toronto 111 Richmond Street West Toronto, ON M5H 2G4 Canada Phone: 416-915-8200 Directions Washington DC 25 Massachusetts Avenue Washington DC, 20001 United States Phone: (202) 346-1100 Directions Latin America Belo Horizonte Boulevard Corporate Tower Av. dos Andradas, 3000 - Andares 14-17 Santa Efigênia Belo Horizonte 30260-070, Brazil Phone: +55-31-2128-6800 Directions Bogota Carrera 11A 94 - 45 Centro Empresarial Oxo Center Bogota, Colombia Phone: +57 (1) 5939400 Directions Buenos Aires Alicia M. De Justo 350, 2nd Floor Buenos Aires, C1107AAH Argentina Phone: +54-11-5530-3000 Directions Mexico City Google Mexico, S. de R.L. de C.V. Montes Urales 445 Lomas de Chapultepec Mexico City 11000, Mexico Phone: +52 55-5342-8400 Directions Santiago Costanera Sur Rio 2730 Las Condes, Santiago Chile Directions Sao Paulo Av. Brigadeiro Faria Lima, 3477 São Paulo 04538-133, Brazil Directions Europe Aarhus Aabogade 15 8200 Aarhus Denmark Directions Amsterdam Claude Debussylaan 34 1082 MD, Amsterdam Netherlands Directions Athens Fragkokklisias 7 Athens 151 25 Greece Directions Berlin Tucholskystraße 2 10117 Berlin Germany Phone: +49 30 303986300 Directions Brussels Chaussee d'Etterbeek 180 1040 Brussels Belgium Directions Copenhagen Skt. Petri Passage 5 1165 Copenhagen Denmark Phone: +45 3370 2600 Directions Dublin Gordon House Barrow St Dublin 4 Ireland Directions Hamburg ABC-Strasse 19 20354 Hamburg Germany Phone: 49 40-80-81-79-000 Directions Lisbon Avenida da Liberdade, 110 Lisbon, 1269-046, Portugal Phone: +351 21 122 1803 Directions London - 6PS 6 Pancras Square London N1C 4AG United Kingdom Phone: +44-20-7031-3000 Directions London - BEL Belgrave House 76 Buckingham Palace Road London SW1W 9TQ United Kingdom Phone: +44-20-7031-3001 Directions London - CSG 1-13 St Giles High St London WC2H 8AG United Kingdom Phone: +44 (0)20-7031-3000 Directions Madrid Plaza Pablo Ruiz Picasso, I Madrid 28020 Spain Phone: +34 91-748-6400 Directions Milan Porta Nuova Isola, Building C, Via Federico Confalonieri 4 20124 Milan Italy Directions Moscow 7 Balchug St Moscow 115035 Russia Phone: +7-495-644-1400 Directions Munich Erika-Mann-Str. 33 80636 Munich Germany Directions Oslo Aker Brygge Bryggegata 6 0250 Oslo Norway Directions Paris 8 Rue de Londres 75009 Paris France Directions Prague Stroupeznickeho str. 3191/17 Prague, Czech Republic 150 00 Directions Stockholm Kungsbron 2 111 22 Stockholm Sweden Directions Vienna Graben 19 1010 Wien Austria Directions Warsaw Emilii Plater 53 00-113 Warsaw Poland Phone: +48 22 207 19 00 Directions Wroclaw Gen. Jozefa Bema nr 2 50-265 Wroclaw Poland Phone: +48 (71) 73 41 000 Directions Zurich Brandschenkestrasse 110 8002 Zürich Switzerland Phone: +41 44 668 18 00 Directions Asia Pacific Bangalore No. 3, RMZ Infinity - Tower E Old Madras Road 4th and 5th Floors Bangalore, 560 016, India Phone: +91-80-67218000 Directions Bangkok 57 Park Ventures Ecoplex 14th Floor, Wireless Road Bangkok, 10330, Thailand Directions Beijing 6th Floor, Tower B, Raycom InfoTech Park No. 2 Kexueyuan South Road Zhongguancun Beijing 100190 Phone: +86-10-62503000 Directions Guangzhou Taikoo Hui Tower 1, No.383 Tianhe Road Guangzhou, 510620 China Directions Gurgaon Sector 15, Part II Village Silokhera Gurgaon 122001 India Phone: +91-12-44512900 Directions Hong Kong 1 Matheson Street Causeway Bay, Hong Kong Phone: +852-3923-5400 Directions Hyderabad Survey No. 13, DivyaSree Omega Kondapur Village Hyderabad, Telangana 500084 India Phone: +91-40-6619-3000 Directions Jakarta Pacific Century Place Tower Level 45 SCBD Lot 10, Jl. Jend. Sudirman No.53, RT.5/RW.3, Senayan, Kby. Baru, Kota Jakarta Selatan, Daerah Khusus Ibukota Jakarta 12190, Indonesia Directions Kuala Lumpur Axiata Tower No. 9, Jalan Stesen Sentral 5 50470 Kuala Lumpur Malaysia Directions Melbourne 161 Collins Street, Melbourne VIC 3000, Australia Directions Mumbai 3 North Avenue Maker Maxity, Bandra Kurla Complex Bandra East Mumbai, Maharashtra 400051 India Phone: +91-22-6611-7150 Directions Seoul Google Korea LLC. 22nd Floor, Gangnam Finance Center 152 Teheran-ro, Gangnam-gu Seoul 06236 South Korea Phone: +82-2-531-9000 Directions Shanghai 100 Century Avenue, Pudong Shanghai 200120 China Phone: +86-21-6133-7666 Directions Singapore 70 Pasir Panjang Road, #03-71, Mapletree Business City Singapore 117371 Phone: +65 6521-8000 Directions Sydney 48 Pirrama Road Sydney, NSW 2009 Australia Phone: +61 2 9374 4000 Directions Taipei No. 7 XinYi Road Section 5, Taipei Taiwan Phone: +886 2 8729 6000 Directions Tokyo - RPG Roppongi Hills Mori Tower 6-10-1 Roppongi Minato-ku, Tokyo 106-6126 Japan Phone: +81-3-6384-9000 Directions Tokyo - STRM Shibuya Stream 3-21-3 Shibuya Shibuya-ku, Tokyo 150-0002 Japan Phone: +81-3-6384-9000 Directions Africa & Middle East Dubai TECOM Zone, Dubai Internet City Dubai, United Arab Emirates Phone: +971 4 4509500 Directions Haifa Building 30 MATAM, Advanced Technology Center Haifa, 3190500 Israel Phone: +972-74-746-6245 Directions Istanbul Eski Buyukdere Caddesi No: 209 34394 Istanbul, Turkey Directions Johannesburg 35 Ballyclare Drive Building E Johannesburg 2191, South Africa Directions Tel Aviv Yigal Alon 98 Tel Aviv, 6789141 Israel Phone: +972-74-746-6453 Directions Back to top Follow us on: More about us Contact us Investor relations Careers Locations Blog Think with Google Press room Press inquiries Images & B-roll Permissions Speaker requests Policy Application security Software principles Unwanted software policy Responsible supply chain Extended workforce Community guidelines How our business works Responsibility Google.org Sustainability Crisis Response Diversity & Inclusion Accessibility Transparency Digital Wellbeing Safety Center Google Safety Engineering Center Human Rights Help Privacy Terms